<?xml version="1.0" encoding="UTF-8" standalone="yes"?>
<assembly xmlns="urn:schemas-microsoft-com:asm.v1" manifestVersion="1.0">
  <assemblyIdentity  
    type="win32"
    processorArchitecture="X86"
  	language = "*"
    name="DelphiZip"
    version="1.79.11.03" />
    <description>Freeware Zip/Unzip</description>
<trustInfo xmlns="urn:schemas-microsoft-com:asm.v3">
  <security>
    <requestedPrivileges>
      <requestedExecutionLevel level="asInvoker"  uiAccess="false"/>
  </requestedPrivileges>
  </security>
</trustInfo>
</assembly>
 
