<?xml version="1.0" encoding="iso-8859-1"?>
<Package Name="JclFavoriteFoldersExpert" Design="-1">
  <Description>JCL Open and Save IDE dialogs with favorite folders</Description>
  <GUID>{3BF49751-D079-4734-9AB6-F333FA52FDBA}</GUID>
  <C5PFlags>-LUvcl50 -LUdsnide50 -LUJclC50 -LUJclBaseExpertC50</C5PFlags>
  <C6PFlags>-LUdesignide</C6PFlags>
  <C5Libs/>
  <C6Libs/>
  <ImageBase>58040000</ImageBase>
  <Requires>
    <Package Name="rtl" Targets="WinLibSuffix" Condition=""/>
    <Package Name="vcl50" Targets="noLibSuffix" Condition=""/>
    <Package Name="vcl" Targets="WinLibSuffix" Condition=""/>
    <Package Name="dsnide50" Targets="noLibSuffix" Condition=""/>
    <Package Name="designide" Targets="WinLibSuffix" Condition=""/>
    <Package Name="Jcl-R" Targets="Windows" Condition=""/>
    <Package Name="JclBaseExpert-D" Targets="Windows" Condition=""/>
  </Requires>
  <Contains>
    <File Name="..\..\experts\favfolders\IdeOpenDlgFavoriteUnit.pas" Targets="Windows" Formname="" Condition=""/>
    <File Name="..\..\experts\favfolders\OpenDlgFavAdapter.pas" Targets="Windows" Formname="" Condition=""/>
  </Contains>
</Package>
