<?xml version="1.0" encoding="iso-8859-1"?>
<Package Name="JclProjectAnalysisExpert" Design="-1">
  <Description>JCL Project Analyzer</Description>
  <GUID>{518D9A98-4B3B-40B4-83EE-BD9D8CED6181}</GUID>
  <C5PFlags>-LUvcl50 -LUdsnide50 -LUJclC50 -LUJclBaseExpertC50</C5PFlags>
  <C6PFlags>-LUdesignide</C6PFlags>
  <C5Libs/>
  <C6Libs/>
  <ImageBase>58060000</ImageBase>
  <Requires>
    <Package Name="rtl" Targets="WinLibSuffix" Condition=""/>
    <Package Name="vcl50" Targets="noLibSuffix" Condition=""/>
    <Package Name="vcl" Targets="WinLibSuffix" Condition=""/>
    <Package Name="dsnide50" Targets="noLibSuffix" Condition=""/>
    <Package Name="designide" Targets="WinLibSuffix" Condition=""/>
    <Package Name="Jcl-R" Targets="Windows" Condition=""/>
    <Package Name="JclBaseExpert-D" Targets="Windows" Condition=""/>
  </Requires>
  <Contains>
    <File Name="..\..\experts\projectanalyzer\ProjAnalyzerFrm.pas" Targets="Windows" Formname="ProjectAnalyzerForm" Condition=""/>
    <File Name="..\..\experts\projectanalyzer\ProjAnalyzerImpl.pas" Targets="Windows" Formname="" Condition=""/>
  </Contains>
</Package>
