<?xml version="1.0" encoding="iso-8859-1"?>
<Package Name="JclSIMDViewExpertDLL" Type="L">
  <Description>JCL Debug Window of XMM registers</Description>
  <GUID>{822DE71C-AFAB-4F52-A076-5140BF31A62E}</GUID>
  <C5PFlags>-LUvcl50 -LUdsnide50 -LUJclC50 -LUJclBaseExpertC50</C5PFlags>
  <C6PFlags>-LUdesignide</C6PFlags>
  <C5Libs/>
  <C6Libs/>
  <ImageBase>58080000</ImageBase>
  <Requires>
    <Package Name="rtl" Targets="WinLibSuffix" Condition=""/>
    <Package Name="vcl50" Targets="noLibSuffix" Condition=""/>
    <Package Name="vcl" Targets="WinLibSuffix" Condition=""/>
    <Package Name="dsnide50" Targets="noLibSuffix" Condition=""/>
    <Package Name="designide" Targets="WinLibSuffix" Condition=""/>
    <Package Name="Jcl-R" Targets="Windows" Condition=""/>
    <Package Name="JclBaseExpert-D" Targets="Windows" Condition=""/>
  </Requires>
  <Contains>
    <File Name="..\..\experts\debug\simdview\JclSIMDViewForm.pas" Targets="Windows" Formname="JclSIMDViewFrm" Condition=""/>
    <File Name="..\..\experts\debug\simdview\JclSIMDView.pas" Targets="Windows" Formname="" Condition=""/>
    <File Name="..\..\experts\debug\simdview\JclSIMDUtils.pas" Targets="Windows" Formname="" Condition=""/>
    <File Name="..\..\experts\debug\simdview\JclSIMDModifyForm.pas" Targets="Windows" Formname="JclSIMDModifyFrm" Condition=""/>
    <File Name="..\..\experts\debug\simdview\JclSIMDCpuInfo.pas" Targets="Windows" Formname="JclFormCpuInfo" Condition=""/>
  </Contains>
</Package>
