<?xml version="1.0" encoding="iso-8859-1"?>
<Package Name="JclThreadNameExpertDLL" Type="L">
  <Description>JCL Thread Name IDE expert</Description>
  <GUID>{3C894FD6-550B-4C59-9FA8-F2C3EB03C568}</GUID>
  <C5PFlags>-LUvcl50 -LUdsnide50 -LUJclC50 -LUJclBaseExpertC50</C5PFlags>
  <C6PFlags>-LUdesignide</C6PFlags>
  <C5Libs/>
  <C6Libs/>
  <ImageBase>580A0000</ImageBase>
  <Requires>
    <Package Name="rtl" Targets="WinLibSuffix" Condition=""/>
    <Package Name="vcl50" Targets="noLibSuffix" Condition=""/>
    <Package Name="vcl" Targets="WinLibSuffix" Condition=""/>
    <Package Name="dsnide50" Targets="noLibSuffix" Condition=""/>
    <Package Name="designide" Targets="WinLibSuffix" Condition=""/>
    <Package Name="Jcl-R" Targets="Windows" Condition=""/>
    <Package Name="JclBaseExpert-D" Targets="Windows" Condition=""/>
  </Requires>
  <Contains>
    <File Name="..\..\experts\debug\threadnames\ThreadExpertSharedNames.pas" Targets="d5,d6,c5,c6" Formname="" Condition=""/>
    <File Name="..\..\experts\debug\threadnames\ThreadExpertUnit.pas" Targets="d5,d6,c5,c6" Formname="" Condition=""/>
  </Contains>
</Package>
