<?xml version="1.0" encoding="iso-8859-1"?>
<Package Name="JclUsesExpertDLL" Type="L">
  <Description>JCL Uses Wizard</Description>
  <GUID>{23E5A735-D70C-4C34-B05C-E847A010077F}</GUID>
  <C5PFlags>-LUvcl50 -LUdsnide50 -LUJclC50 -LUJclBaseExpertC50</C5PFlags>
  <C6PFlags>-LUdesignide</C6PFlags>
  <C5Libs/>
  <C6Libs/>
  <ImageBase>580C0000</ImageBase>
  <Requires>
    <Package Name="rtl" Targets="WinLibSuffix" Condition=""/>
    <Package Name="vcl50" Targets="noLibSuffix" Condition=""/>
    <Package Name="vcl" Targets="WinLibSuffix" Condition=""/>
    <Package Name="dsnide50" Targets="noLibSuffix" Condition=""/>
    <Package Name="designide" Targets="WinLibSuffix" Condition=""/>
    <Package Name="Jcl-R" Targets="Windows" Condition=""/>
    <Package Name="JclBaseExpert-D" Targets="Windows" Condition=""/>
  </Requires>
  <Contains>
    <File Name="..\..\experts\useswizard\JCLUsesWizard.pas" Targets="OldStyleIDE" Formname="" Condition=""/>
    <File Name="..\..\experts\useswizard\JCLOptionsFrame.pas" Targets="OldStyleIDE" Formname="FrameJclOptions: TFrame" Condition=""/>
    <File Name="..\..\experts\useswizard\JclUsesDialog.pas" Targets="OldStyleIDE" Formname="FormUsesConfirm" Condition=""/>
    <File Name="..\..\experts\useswizard\JclParseUses.pas" Targets="OldStyleIDE" Formname="" Condition=""/>
  </Contains>
</Package>
