<?xml version="1.0" encoding="iso-8859-1"?>
<Package Name="JclVersionControlExpertDLL" Type="L">
  <Description>JCL Integration of version control systems in the IDE</Description>
  <GUID>{8083ED65-4D9A-441F-B516-CFF42EE9DD0E}</GUID>
  <C5PFlags>-LUvcl50 -LUdsnide50 -LUJclC50 -LUJclBaseExpertC50</C5PFlags>
  <C6PFlags>-LUdesignide</C6PFlags>
  <C5Libs/>
  <C6Libs/>
  <ImageBase>580E0000</ImageBase>
  <Requires>
    <Package Name="rtl" Targets="WinLibSuffix" Condition=""/>
    <Package Name="vcl50" Targets="noLibSuffix" Condition=""/>
    <Package Name="vcl" Targets="WinLibSuffix" Condition=""/>
    <Package Name="dsnide50" Targets="noLibSuffix" Condition=""/>
    <Package Name="designide" Targets="WinLibSuffix" Condition=""/>
    <Package Name="Jcl-R" Targets="WinDev" Condition=""/>
    <Package Name="JclVcl-R" Targets="WinDev" Condition=""/>
    <Package Name="JclBaseExpert-D" Targets="WinDev" Condition=""/>
  </Requires>
  <Contains>
    <File Name="..\..\experts\versioncontrol\JclVersionControlImpl.pas" Targets="WinDev" Formname="" Condition=""/>
    <File Name="..\..\experts\versioncontrol\JclVersionCtrlCommonOptions.pas" Targets="WinDev" Formname="JclVersionCtrlOptionsFrame: TFrame" Condition=""/>
  </Contains>
</Package>
